delivery_slot,total_deliveries,avg_cost_inr,avg_distance_km,avg_time_min,total_cost_inr,delivery_success_pct
18:00-21:00,1305,104.13,22.79,79.9,135890.15,90.19157088122606
15:00-18:00,1229,95.81,22.82,80.2,117755.36,90.56143205858422
12:00-15:00,1181,92.49,23.24,81.3,109232.01,90.60118543607112
09:00-12:00,1285,87.54,22.99,81.2,112488.62,89.72762645914396
